	coverage	information_content	shannon_entropy
0	0.4634	0.6774	0.3365
1	0.4634	0.5436	0.5367
2	0.4634	0.7645	0.2062
3	0.4634	0.7645	0.2062
4	0.4634	0.4119	0.7335
5	0.6585	0.9827	0.3154
6	0.6585	0.8837	0.4196
7	0.6585	0.9827	0.3154
8	0.6341	1.0857	0.163
9	0.6341	1.0857	0.163
10	0.6341	0.8404	0.4311
11	0.561	0.4143	0.8378
12	0.6341	1.0857	0.163
13	0.6341	0.7406	0.5402
14	0.6829	1.0763	0.2573
15	0.6829	0.8784	0.4582
16	0.6829	0.9271	0.4087
17	0.6829	1.178	0.1541
18	0.7073	1.2242	0.15
19	0.7073	0.7107	0.6532
20	0.7317	1.0816	0.3251
21	0.7317	0.9311	0.4677
22	0.7317	0.9311	0.4677
23	0.7317	1.1175	0.2911
24	0.7317	1.1662	0.2449
25	0.7317	0.9311	0.4677
26	0.7317	1.2705	0.1461
27	0.7317	1.0816	0.3251
28	0.7317	0.782	0.6089
29	0.7317	1.4248	0.0
30	0.7317	1.4248	0.0
31	0.6829	1.0763	0.2573
32	0.6585	1.1318	0.1584
33	0.6585	1.2823	0.0
34	0.6585	1.2823	0.0
35	0.6585	1.1318	0.1584
36	0.6585	1.1318	0.1584
37	0.6585	1.1318	0.1584
38	0.6829	1.0275	0.3068
39	0.6829	1.178	0.1541
40	0.6829	0.9271	0.4087
41	0.6829	1.178	0.1541
42	0.6829	1.0275	0.3068
43	0.6829	1.178	0.1541
44	0.6829	1.178	0.1541
45	0.6829	1.0763	0.2573
46	0.6829	1.178	0.1541
47	0.6829	0.8784	0.4582
48	0.6829	0.9271	0.4087
49	0.6829	1.178	0.1541
50	0.6829	1.178	0.1541
51	0.6585	1.1318	0.1584
52	0.6585	1.2823	0.0
53	0.6585	0.9827	0.3154
54	0.6585	1.1318	0.1584
55	0.6585	1.1318	0.1584
56	0.6585	0.9827	0.3154
57	0.6585	1.1318	0.1584
58	0.6585	1.1318	0.1584
59	0.6341	1.0857	0.163
60	0.6585	1.1318	0.1584
61	0.6585	1.2823	0.0
62	0.6585	1.1318	0.1584
63	0.6585	1.2823	0.0
64	0.0976	0.19	0.0
65	0.0976	0.0436	1.0397
66	0.2927	0.3011	0.6365
67	0.6829	1.0275	0.3068
68	0.6829	0.6715	0.6681
69	0.6829	0.9271	0.4087
70	0.6829	0.1701	1.177
71	0.6829	1.178	0.1541
72	0.7073	0.9707	0.3984
73	0.7073	1.2242	0.15
74	0.7073	1.3773	0.0
75	0.7073	1.0379	0.3326
76	0.7073	0.8216	0.5446
77	0.7073	1.2242	0.15
78	0.7073	0.8888	0.4788
79	0.7073	1.1212	0.251
80	0.7073	1.2242	0.15
81	0.6829	1.0275	0.3068
82	0.6829	1.178	0.1541
83	0.6829	1.178	0.1541
84	0.7317	1.4248	0.0
85	0.7317	1.4248	0.0
86	0.7317	1.0103	0.3927
87	0.7073	0.8888	0.4788
88	0.7073	1.3773	0.0
89	0.7073	1.0379	0.3326
90	0.7317	1.0816	0.3251
91	0.7317	1.4248	0.0
92	0.7317	1.4248	0.0
93	0.7317	1.0103	0.3927
94	0.7317	1.4248	0.0
95	0.7317	1.0103	0.3927
96	0.7317	1.4248	0.0
97	0.7317	1.4248	0.0
98	0.7073	1.0379	0.3326
99	0.7073	1.0379	0.3326
100	0.7073	1.3773	0.0
101	0.6341	1.2348	0.0
102	0.6341	1.2348	0.0
103	0.6341	1.2348	0.0
104	0.6341	1.2348	0.0
105	0.6341	1.2348	0.0
106	0.6585	1.2823	0.0
107	0.6585	1.0314	0.2641
108	0.7317	1.4248	0.0
109	0.7317	1.0103	0.3927
110	0.7317	1.4248	0.0
111	0.7317	1.1662	0.2449
112	0.0976	0.19	0.0
113	0.7317	1.2705	0.1461
114	0.7317	0.9311	0.4677
115	0.7317	0.9492	0.4506
116	0.7317	1.0103	0.3927
117	0.7317	1.1662	0.2449
118	0.7317	0.9492	0.4506
119	0.7317	1.4248	0.0
120	0.7317	1.0103	0.3927
121	0.7317	0.9492	0.4506
122	0.7317	0.6175	0.7648
123	0.7317	1.0103	0.3927
124	0.7317	1.0103	0.3927
125	0.7317	1.0103	0.3927
126	0.7317	1.4248	0.0
127	0.7317	1.2705	0.1461
128	0.122	0.1494	0.5004
129	0.0976	0.19	0.0
130	0.7073	1.0724	0.2988
131	0.7317	1.0103	0.3927
132	0.7317	1.4248	0.0
133	0.7317	1.0103	0.3927
134	0.7317	1.4248	0.0
135	0.7317	1.4248	0.0
136	0.7317	1.0103	0.3927
137	0.7317	1.4248	0.0
138	0.7317	0.8639	0.5313
139	0.7317	0.8966	0.5004
140	0.7317	1.4248	0.0
141	0.7317	0.8611	0.534
142	0.7317	1.0103	0.3927
143	0.7317	1.0103	0.3927
144	0.7317	1.0103	0.3927
145	0.7317	1.0103	0.3927
146	0.7317	0.3788	0.9908
147	0.7317	1.0103	0.3927
148	0.7317	1.4248	0.0
149	0.7317	1.0103	0.3927
150	0.7317	1.0103	0.3927
151	0.7317	1.2705	0.1461
152	0.7317	1.0103	0.3927
153	0.7317	1.4248	0.0
154	0.7317	1.4248	0.0
155	0.7317	1.4248	0.0
156	0.7317	1.0103	0.3927
157	0.7317	1.2705	0.1461
158	0.7317	1.2705	0.1461
159	0.7317	0.9492	0.4506
160	0.7317	0.4201	0.9517
161	0.7317	0.6954	0.6909
162	0.7317	1.0103	0.3927
163	0.7317	0.3788	0.9908
164	0.7317	0.8126	0.5799
165	0.7073	1.1212	0.251
166	0.7073	1.3773	0.0
167	0.7073	0.8202	0.546
168	0.6341	0.842	0.4293
169	0.122	0.1494	0.5004
170	0.122	0.1494	0.5004
171	0.6341	1.0857	0.163
172	0.7317	0.8611	0.534
173	0.7317	0.5112	0.8655
174	0.7317	0.7529	0.6365
175	0.7317	0.9492	0.4506
176	0.7317	0.9311	0.4677
177	0.7317	0.3458	1.0222
178	0.7317	0.7134	0.6739
179	0.7317	1.2705	0.1461
180	0.7317	0.4446	0.9285
181	0.7317	1.1662	0.2449
182	0.6341	0.6115	0.6813
183	0.6341	0.5118	0.7903
184	0.6341	1.0857	0.163
185	0.6341	1.0857	0.163
186	0.6341	0.3644	0.9515
187	0.7317	1.4248	0.0
188	0.7317	1.0144	0.3887
189	0.7317	1.0103	0.3927
190	0.7317	1.4248	0.0
191	0.7317	1.4248	0.0
192	0.7317	0.4201	0.9517
193	0.7317	0.8513	0.5433
194	0.7317	1.4248	0.0
195	0.7317	1.0103	0.3927
196	0.7317	1.0103	0.3927
197	1.0	1.9472	0.0
198	1.0	1.3242	0.4318
199	1.0	1.9472	0.0
200	1.0	1.486	0.3197
201	1.0	1.9472	0.0
202	1.0	1.9472	0.0
203	1.0	1.9472	0.0
204	0.9024	0.9649	0.6086
205	0.9024	1.5955	0.1243
206	0.9024	1.5955	0.1243
207	0.9024	1.7572	0.0
208	0.9024	1.3113	0.3425
209	0.9024	1.7572	0.0
210	0.9024	1.7572	0.0
211	0.9024	1.7572	0.0
212	0.9024	1.7572	0.0
213	0.9024	1.7572	0.0
214	0.9024	1.7572	0.0
215	1.0	1.9472	0.0
216	1.0	0.6657	0.8883
217	1.0	1.9472	0.0
218	1.0	1.486	0.3197
219	1.0	1.04	0.6288
220	1.0	1.486	0.3197
221	0.9756	0.4565	1.0254
222	1.0	1.2878	0.457
223	1.0	0.8132	0.786
224	1.0	1.486	0.3197
225	1.0	1.4123	0.3708
226	1.0	1.9472	0.0
227	1.0	1.486	0.3197
228	1.0	0.9683	0.6785
229	1.0	1.9472	0.0
230	1.0	1.486	0.3197
231	1.0	1.486	0.3197
232	1.0	1.9472	0.0
233	1.0	1.9472	0.0
234	1.0	1.9472	0.0
235	1.0	1.486	0.3197
236	1.0	1.3242	0.4318
237	1.0	1.7818	0.1147
238	1.0	1.4123	0.3708
239	1.0	1.486	0.3197
240	1.0	1.9472	0.0
241	1.0	1.9472	0.0
242	1.0	1.9472	0.0
243	1.0	1.486	0.3197
244	1.0	1.486	0.3197
245	1.0	1.9472	0.0
246	1.0	1.9472	0.0
247	1.0	1.7818	0.1147
248	0.0976	0.19	0.0
249	0.0976	0.19	0.0
250	1.0	1.9472	0.0
251	1.0	1.486	0.3197
252	1.0	1.486	0.3197
253	1.0	1.486	0.3197
254	1.0	1.486	0.3197
255	1.0	1.7818	0.1147
256	1.0	1.9472	0.0
257	1.0	1.9472	0.0
258	1.0	1.486	0.3197
259	1.0	1.9472	0.0
260	1.0	1.9472	0.0
261	1.0	1.9472	0.0
262	1.0	1.9472	0.0
263	0.9024	1.7572	0.0
264	0.9024	1.7572	0.0
265	0.9024	1.7572	0.0
266	0.9024	1.7572	0.0
267	0.9024	1.7572	0.0
268	1.0	1.9472	0.0
269	1.0	1.9472	0.0
270	1.0	1.9472	0.0
271	1.0	1.486	0.3197
272	1.0	1.9472	0.0
273	1.0	1.486	0.3197
274	0.9756	1.5248	0.2664
275	1.0	1.9472	0.0
276	1.0	1.2939	0.4529
277	1.0	1.486	0.3197
278	1.0	1.3242	0.4318
279	1.0	1.9472	0.0
280	1.0	1.4123	0.3708
281	1.0	1.2003	0.5177
282	1.0	1.2122	0.5095
283	1.0	1.3242	0.4318
284	1.0	1.9472	0.0
285	1.0	1.486	0.3197
286	1.0	1.3466	0.4163
287	1.0	1.9472	0.0
288	1.0	1.9472	0.0
289	1.0	1.9472	0.0
290	1.0	1.9472	0.0
291	1.0	1.04	0.6288
292	1.0	1.4069	0.3746
293	1.0	1.9472	0.0
294	1.0	1.9472	0.0
295	1.0	1.486	0.3197
296	0.9024	1.2416	0.396
297	0.9024	0.9369	0.6301
298	0.9024	1.5955	0.1243
299	0.9024	1.5955	0.1243
300	0.9024	1.7572	0.0
301	1.0	1.9472	0.0
302	1.0	1.486	0.3197
303	1.0	1.9472	0.0
304	1.0	1.486	0.3197
305	1.0	1.486	0.3197
306	1.0	1.4123	0.3708
307	1.0	1.486	0.3197
308	1.0	1.9472	0.0
309	1.0	1.486	0.3197
310	1.0	1.486	0.3197
311	1.0	1.7818	0.1147
312	1.0	1.9472	0.0
313	1.0	1.486	0.3197
314	1.0	1.486	0.3197
315	1.0	1.9472	0.0
316	1.0	1.486	0.3197
317	1.0	1.486	0.3197
318	1.0	1.486	0.3197
319	1.0	1.486	0.3197
320	1.0	1.486	0.3197
321	1.0	1.486	0.3197
322	1.0	1.9472	0.0
323	1.0	1.9472	0.0
324	1.0	1.9472	0.0
325	1.0	1.486	0.3197
326	1.0	1.9472	0.0
327	0.0976	0.19	0.0
328	0.0976	0.19	0.0
329	0.0976	0.19	0.0
330	0.0976	0.19	0.0
331	0.0976	0.19	0.0
332	0.0976	0.19	0.0
333	0.0976	0.19	0.0
334	1.0	1.9472	0.0
335	1.0	1.9472	0.0
336	1.0	1.486	0.3197
337	1.0	1.9472	0.0
338	1.0	1.486	0.3197
339	1.0	1.486	0.3197
340	1.0	1.486	0.3197
341	1.0	1.9472	0.0
342	1.0	1.9472	0.0
343	1.0	1.486	0.3197
344	1.0	1.9472	0.0
345	1.0	1.486	0.3197
346	1.0	1.9472	0.0
347	1.0	1.9472	0.0
348	1.0	1.486	0.3197
349	1.0	1.9472	0.0
350	1.0	1.9472	0.0
351	1.0	1.486	0.3197
352	1.0	1.9472	0.0
353	0.9024	1.7572	0.0
354	0.9024	1.3113	0.3425
355	0.9024	1.7572	0.0
356	0.9024	1.7572	0.0
357	1.0	1.9472	0.0
358	1.0	1.486	0.3197
359	1.0	1.9472	0.0
360	1.0	1.486	0.3197
361	1.0	1.9472	0.0
362	1.0	1.486	0.3197
363	1.0	1.486	0.3197
364	1.0	1.9472	0.0
365	1.0	1.9472	0.0
366	1.0	1.9472	0.0
367	1.0	1.9472	0.0
368	1.0	1.9472	0.0
369	1.0	1.486	0.3197
370	1.0	1.9472	0.0
371	1.0	1.9472	0.0
372	1.0	1.9472	0.0
373	1.0	1.9472	0.0
374	1.0	1.486	0.3197
375	1.0	1.486	0.3197
376	1.0	1.486	0.3197
377	1.0	1.486	0.3197
378	1.0	1.9472	0.0
379	1.0	1.9472	0.0
380	0.9024	1.7572	0.0
381	1.0	1.9472	0.0
382	1.0	1.9472	0.0
383	1.0	1.9472	0.0
384	1.0	1.486	0.3197
385	1.0	1.9472	0.0
386	1.0	1.486	0.3197
387	1.0	1.486	0.3197
388	1.0	1.9472	0.0
389	0.0976	0.19	0.0
390	0.0976	0.19	0.0
391	0.0976	0.19	0.0
392	0.0976	0.19	0.0
393	0.0976	0.19	0.0
394	0.0976	0.19	0.0
395	0.0976	0.19	0.0
396	0.0976	0.19	0.0
397	0.0976	0.19	0.0
398	1.0	1.9472	0.0
399	1.0	1.9472	0.0
400	1.0	1.9472	0.0
401	1.0	1.9472	0.0
402	1.0	1.486	0.3197
403	1.0	1.9472	0.0
404	1.0	1.486	0.3197
405	1.0	1.9472	0.0
406	1.0	1.9472	0.0
407	1.0	1.486	0.3197
408	1.0	1.486	0.3197
409	1.0	1.486	0.3197
410	1.0	1.486	0.3197
411	1.0	1.9472	0.0
412	1.0	1.9472	0.0
413	1.0	1.7818	0.1147
414	1.0	1.486	0.3197
415	1.0	1.9472	0.0
416	0.9024	1.7572	0.0
417	0.9024	1.7572	0.0
418	0.9024	1.5955	0.1243
419	1.0	1.666	0.1949
420	1.0	1.486	0.3197
421	1.0	1.9472	0.0
422	1.0	1.9472	0.0
423	1.0	1.486	0.3197
424	1.0	1.486	0.3197
425	1.0	1.486	0.3197
426	1.0	1.9472	0.0
427	1.0	1.9472	0.0
428	1.0	1.9472	0.0
429	1.0	1.9472	0.0
430	1.0	1.486	0.3197
431	1.0	1.486	0.3197
432	1.0	1.9472	0.0
433	1.0	1.486	0.3197
434	1.0	1.486	0.3197
435	1.0	1.9472	0.0
436	1.0	1.9472	0.0
437	1.0	1.9472	0.0
438	1.0	1.486	0.3197
439	1.0	1.486	0.3197
440	1.0	1.9472	0.0
441	1.0	1.3242	0.4318
442	1.0	1.6172	0.2287
443	1.0	0.7002	0.8643
444	1.0	1.486	0.3197
445	1.0	1.486	0.3197
446	1.0	1.486	0.3197
447	1.0	1.9472	0.0
448	1.0	1.4123	0.3708
449	1.0	1.486	0.3197
450	1.0	1.9472	0.0
451	1.0	1.9472	0.0
452	0.0976	0.19	0.0
453	0.0976	0.19	0.0
454	0.0976	0.19	0.0
455	0.0976	0.19	0.0
456	0.0976	0.19	0.0
457	0.0976	0.0924	0.6931
458	0.0976	0.19	0.0
459	0.0976	0.19	0.0
460	1.0	1.9472	0.0
461	1.0	1.9472	0.0
462	1.0	1.9472	0.0
463	0.122	0.2375	0.0
464	1.0	0.852	0.7592
465	1.0	0.642	0.9047
466	1.0	0.5433	0.9731
467	1.0	1.486	0.3197
468	1.0	1.3242	0.4318
469	1.0	1.486	0.3197
470	1.0	1.486	0.3197
471	1.0	1.7818	0.1147
472	1.0	1.9472	0.0
473	1.0	1.3242	0.4318
474	1.0	1.9472	0.0
475	1.0	1.9472	0.0
476	1.0	1.486	0.3197
477	1.0	1.9472	0.0
478	1.0	1.486	0.3197
479	1.0	1.486	0.3197
480	1.0	1.486	0.3197
481	1.0	1.9472	0.0
482	1.0	1.486	0.3197
483	1.0	1.486	0.3197
484	1.0	1.9472	0.0
485	1.0	1.9472	0.0
486	1.0	1.9472	0.0
487	1.0	1.9472	0.0
488	0.9024	1.7572	0.0
489	0.9024	1.7572	0.0
490	0.9024	1.7572	0.0
491	0.9024	1.7572	0.0
492	1.0	1.486	0.3197
493	1.0	1.9472	0.0
494	1.0	1.7818	0.1147
495	1.0	1.9472	0.0
496	0.9024	1.5955	0.1243
497	1.0	1.486	0.3197
498	1.0	1.4123	0.3708
499	1.0	1.7818	0.1147
500	1.0	1.486	0.3197
501	1.0	1.7818	0.1147
502	1.0	1.486	0.3197
503	1.0	1.9472	0.0
504	1.0	1.9472	0.0
505	1.0	1.9472	0.0
506	1.0	1.9472	0.0
507	1.0	1.9472	0.0
508	1.0	1.9472	0.0
509	0.9024	1.7572	0.0
510	1.0	1.9472	0.0
511	1.0	1.486	0.3197
512	1.0	1.9472	0.0
513	1.0	1.7818	0.1147
514	1.0	1.486	0.3197
515	1.0	1.4123	0.3708
516	1.0	1.9472	0.0
517	1.0	1.486	0.3197
518	1.0	1.486	0.3197
519	1.0	1.486	0.3197
520	1.0	1.9472	0.0
521	1.0	1.9472	0.0
522	0.9024	1.7572	0.0
523	0.9024	1.7572	0.0
524	0.9024	1.7572	0.0
525	1.0	1.9472	0.0
526	1.0	1.9472	0.0
527	1.0	1.9472	0.0
528	1.0	1.486	0.3197
529	1.0	1.9472	0.0
530	1.0	1.9472	0.0
531	0.9024	1.7572	0.0
532	0.9024	1.7572	0.0
533	1.0	1.9472	0.0
534	1.0	1.486	0.3197
535	1.0	1.486	0.3197
536	1.0	1.9472	0.0
537	1.0	1.9472	0.0
538	1.0	1.9472	0.0
539	1.0	1.486	0.3197
540	1.0	1.9472	0.0
541	1.0	1.9472	0.0
542	1.0	1.486	0.3197
543	1.0	1.9472	0.0
544	1.0	1.486	0.3197
545	1.0	1.486	0.3197
546	1.0	1.486	0.3197
547	1.0	1.9472	0.0
548	1.0	1.486	0.3197
549	1.0	1.486	0.3197
550	1.0	1.486	0.3197
551	1.0	1.486	0.3197
552	1.0	1.486	0.3197
553	1.0	1.486	0.3197
554	1.0	1.9472	0.0
555	1.0	1.486	0.3197
556	1.0	1.486	0.3197
557	1.0	1.9472	0.0
558	1.0	1.9472	0.0
559	1.0	1.486	0.3197
560	1.0	1.9472	0.0
561	1.0	1.9472	0.0
562	1.0	1.9472	0.0
563	1.0	1.486	0.3197
564	1.0	1.486	0.3197
565	1.0	1.9472	0.0
566	0.122	0.1494	0.5004
567	1.0	1.486	0.3197
568	1.0	1.666	0.1949
569	1.0	1.486	0.3197
570	1.0	1.9472	0.0
571	1.0	1.9472	0.0
572	1.0	1.486	0.3197
573	1.0	1.9472	0.0
574	1.0	1.486	0.3197
575	1.0	1.9472	0.0
576	1.0	1.3242	0.4318
577	1.0	1.9472	0.0
578	1.0	1.9472	0.0
579	1.0	1.9472	0.0
580	0.9024	1.7572	0.0
581	0.9024	1.7572	0.0
582	0.9024	1.7572	0.0
583	0.9024	1.4835	0.2103
584	0.9024	1.7572	0.0
585	0.9024	1.7572	0.0
586	0.9024	1.7572	0.0
587	0.9024	1.7572	0.0
588	0.9024	1.7572	0.0
589	0.9024	1.7572	0.0
590	0.9024	1.7572	0.0
591	1.0	1.9472	0.0
592	1.0	1.9472	0.0
593	1.0	1.9472	0.0
594	1.0	1.486	0.3197
595	1.0	1.9472	0.0
596	1.0	1.9472	0.0
597	1.0	1.9472	0.0
598	1.0	1.9472	0.0
599	1.0	1.9472	0.0
600	1.0	1.486	0.3197
601	1.0	1.486	0.3197
602	1.0	1.666	0.1949
603	1.0	1.9472	0.0
604	1.0	1.9472	0.0
605	1.0	1.486	0.3197
606	1.0	1.486	0.3197
607	1.0	1.7818	0.1147
608	0.0976	0.19	0.0
609	0.0976	0.19	0.0
610	0.0976	0.19	0.0
611	0.0976	0.19	0.0
612	1.0	1.486	0.3197
613	1.0	1.5024	0.3083
614	1.0	0.9998	0.6567
615	1.0	1.9472	0.0
616	1.0	1.9472	0.0
617	1.0	1.486	0.3197
618	1.0	1.486	0.3197
619	1.0	1.486	0.3197
620	1.0	1.2352	0.4936
621	1.0	1.7818	0.1147
622	1.0	1.666	0.1949
623	1.0	1.486	0.3197
624	1.0	1.3242	0.4318
625	1.0	1.2352	0.4936
626	1.0	1.3242	0.4318
627	1.0	1.9472	0.0
628	1.0	1.4123	0.3708
629	0.122	0.2375	0.0
630	1.0	1.3466	0.4163
631	1.0	1.3242	0.4318
632	1.0	1.9472	0.0
633	1.0	1.9472	0.0
634	1.0	1.9472	0.0
635	1.0	1.486	0.3197
636	1.0	0.6657	0.8883
637	1.0	1.9472	0.0
638	1.0	1.486	0.3197
639	1.0	1.4123	0.3708
640	1.0	1.9472	0.0
641	0.9756	0.5079	0.9889
642	0.9756	0.8805	0.7241
643	0.4878	0.1689	1.1097
644	1.0	1.4123	0.3708
645	1.0	1.9472	0.0
646	1.0	1.7818	0.1147
647	1.0	1.9472	0.0
648	1.0	1.9472	0.0
649	0.0976	0.19	0.0
650	0.0976	0.19	0.0
651	0.0976	0.19	0.0
652	0.0976	0.19	0.0
653	0.0976	0.19	0.0
654	0.0976	0.19	0.0
655	1.0	1.486	0.3197
656	1.0	0.5959	0.9366
657	1.0	1.9472	0.0
658	1.0	1.0751	0.6045
659	0.122	0.2375	0.0
660	1.0	1.3242	0.4318
661	1.0	1.486	0.3197
662	1.0	1.0314	0.6348
663	1.0	1.021	0.642
664	1.0	1.2352	0.4936
665	1.0	1.9472	0.0
666	0.9024	1.4835	0.2103
667	0.9024	1.5955	0.1243
668	1.0	1.4123	0.3708
669	1.0	0.6119	0.9256
670	1.0	1.9472	0.0
671	1.0	1.4123	0.3708
672	1.0	1.9472	0.0
673	1.0	1.486	0.3197
674	1.0	1.7818	0.1147
675	1.0	1.486	0.3197
676	1.0	1.3242	0.4318
677	0.0244	0.0475	0.0
678	0.0244	0.0475	0.0
679	0.0244	0.0475	0.0
680	0.0244	0.0475	0.0
681	0.0244	0.0475	0.0
682	0.0244	0.0475	0.0
683	0.0244	0.0475	0.0
684	0.0244	0.0475	0.0
685	0.0244	0.0475	0.0
686	1.0	0.8705	0.7463
687	1.0	1.7818	0.1147
688	1.0	1.3242	0.4318
689	1.0	1.666	0.1949
690	1.0	0.9683	0.6785
691	1.0	1.9472	0.0
692	1.0	1.9472	0.0
693	1.0	1.0917	0.593
694	1.0	1.9472	0.0
695	1.0	1.2515	0.4822
696	1.0	0.8705	0.7463
697	1.0	1.4069	0.3746
698	1.0	1.9472	0.0
699	0.9756	1.4422	0.3251
700	0.9756	0.94	0.6819
701	1.0	1.5024	0.3083
702	1.0	1.486	0.3197
703	1.0	1.7818	0.1147
704	1.0	1.4123	0.3708
705	1.0	1.9472	0.0
706	1.0	0.8942	0.7299
707	1.0	0.8497	0.7608
708	1.0	1.486	0.3197
709	0.122	0.1494	0.5004
710	1.0	1.9472	0.0
711	1.0	1.9472	0.0
712	1.0	0.7263	0.8463
713	1.0	0.6225	0.9182
714	1.0	1.486	0.3197
715	1.0	1.7818	0.1147
716	1.0	1.486	0.3197
717	1.0	1.486	0.3197
718	0.0976	0.19	0.0
719	0.0976	0.19	0.0
720	0.0976	0.19	0.0
721	0.0976	0.19	0.0
722	0.0976	0.19	0.0
723	0.0976	0.19	0.0
724	0.0976	0.19	0.0
725	0.0976	0.19	0.0
726	0.0976	0.19	0.0
727	0.0976	0.19	0.0
728	1.0	0.8942	0.7299
729	1.0	1.486	0.3197
730	1.0	1.9472	0.0
731	1.0	1.3242	0.4318
732	1.0	1.9472	0.0
733	0.122	0.1494	0.5004
734	1.0	1.486	0.3197
735	1.0	1.7818	0.1147
736	1.0	1.486	0.3197
737	1.0	1.5024	0.3083
738	1.0	1.2122	0.5095
739	1.0	1.5024	0.3083
740	1.0	0.8942	0.7299
741	1.0	1.4123	0.3708
742	1.0	1.1082	0.5816
743	1.0	1.3242	0.4318
744	1.0	1.486	0.3197
745	0.0488	0.095	0.0
746	0.0244	0.0475	0.0
747	0.9024	1.7572	0.0
748	0.878	1.438	0.2146
749	0.9024	1.5955	0.1243
750	1.0	1.5024	0.3083
751	1.0	1.4123	0.3708
752	1.0	1.7818	0.1147
753	1.0	1.486	0.3197
754	1.0	1.486	0.3197
755	1.0	1.9472	0.0
756	1.0	1.9472	0.0
757	1.0	1.486	0.3197
758	1.0	1.486	0.3197
759	0.9024	1.7572	0.0
760	0.9024	1.7572	0.0
761	0.0244	0.0475	0.0
762	1.0	1.9472	0.0
763	1.0	1.9472	0.0
764	1.0	1.4123	0.3708
765	1.0	1.9472	0.0
766	1.0	1.9472	0.0
767	1.0	1.486	0.3197
768	1.0	1.9472	0.0
769	1.0	1.9472	0.0
770	1.0	1.486	0.3197
771	1.0	1.9472	0.0
772	1.0	1.9472	0.0
773	1.0	1.486	0.3197
774	1.0	1.9472	0.0
775	1.0	1.486	0.3197
776	1.0	1.7818	0.1147
777	1.0	1.9472	0.0
778	1.0	1.486	0.3197
779	1.0	1.9472	0.0
780	1.0	1.486	0.3197
781	1.0	1.9472	0.0
782	1.0	1.486	0.3197
783	1.0	1.486	0.3197
784	1.0	1.486	0.3197
785	1.0	0.8063	0.7908
786	1.0	1.9472	0.0
787	1.0	1.9472	0.0
788	1.0	1.9472	0.0
789	1.0	0.642	0.9047
790	1.0	0.7883	0.8033
791	1.0	0.2602	1.1693
792	1.0	1.9472	0.0
793	1.0	1.4069	0.3746
794	1.0	1.9472	0.0
795	0.9756	1.4422	0.3251
796	0.9268	1.642	0.1217
797	0.9024	1.4835	0.2103
798	1.0	0.1902	1.2178
799	1.0	1.486	0.3197
800	1.0	1.9472	0.0
801	1.0	1.9472	0.0
802	1.0	0.9903	0.6633
803	0.1707	0.2314	0.4101
804	1.0	1.7818	0.1147
805	1.0	1.486	0.3197
806	1.0	1.2352	0.4936
807	1.0	1.9472	0.0
808	1.0	1.486	0.3197
809	1.0	1.7818	0.1147
810	1.0	1.9472	0.0
811	1.0	1.9472	0.0
812	0.0976	0.19	0.0
813	0.0976	0.19	0.0
814	0.0976	0.19	0.0
815	0.0976	0.19	0.0
816	0.0976	0.19	0.0
817	0.0976	0.19	0.0
818	0.0976	0.19	0.0
819	0.0976	0.19	0.0
820	0.0976	0.19	0.0
821	0.0976	0.19	0.0
822	0.0976	0.19	0.0
823	1.0	1.486	0.3197
824	1.0	1.9472	0.0
825	1.0	1.7818	0.1147
826	1.0	1.486	0.3197
827	1.0	1.486	0.3197
828	1.0	1.486	0.3197
829	1.0	1.4123	0.3708
830	1.0	1.7818	0.1147
831	1.0	1.1879	0.5263
832	1.0	1.5024	0.3083
833	1.0	1.7818	0.1147
834	1.0	1.486	0.3197
835	0.0976	0.19	0.0
836	0.0976	0.19	0.0
837	0.0976	0.19	0.0
838	0.0976	0.19	0.0
839	0.0976	0.19	0.0
840	0.0976	0.19	0.0
841	0.0976	0.19	0.0
842	0.0976	0.19	0.0
843	0.0976	0.19	0.0
844	0.0976	0.19	0.0
845	0.0976	0.19	0.0
846	0.0976	0.19	0.0
847	0.0976	0.19	0.0
848	0.0976	0.19	0.0
849	1.0	0.958	0.6857
850	1.0	1.9472	0.0
851	1.0	1.9472	0.0
852	1.0	1.9472	0.0
853	1.0	1.9472	0.0
854	0.9024	1.5955	0.1243
855	0.9024	1.3237	0.333
856	0.9024	1.7572	0.0
857	0.0244	0.0475	0.0
858	1.0	1.9472	0.0
859	1.0	1.9472	0.0
860	1.0	1.021	0.642
861	1.0	1.7818	0.1147
862	1.0	1.486	0.3197
863	0.9024	1.7572	0.0
864	0.9024	1.7572	0.0
865	0.9024	1.7572	0.0
866	0.9024	1.7572	0.0
867	1.0	1.9472	0.0
868	1.0	0.5111	0.9954
869	1.0	1.9472	0.0
870	1.0	1.9472	0.0
871	1.0	1.486	0.3197
872	1.0	1.9472	0.0
873	1.0	1.486	0.3197
874	1.0	1.9472	0.0
875	1.0	1.4123	0.3708
876	1.0	1.7818	0.1147
877	1.0	1.9472	0.0
878	1.0	1.7818	0.1147
879	1.0	1.7818	0.1147
880	1.0	1.7818	0.1147
881	1.0	1.486	0.3197
882	1.0	1.9472	0.0
883	1.0	1.486	0.3197
884	1.0	1.1879	0.5263
885	1.0	1.7818	0.1147
886	1.0	1.486	0.3197
887	1.0	1.4123	0.3708
888	1.0	1.7818	0.1147
889	1.0	1.486	0.3197
890	0.0976	0.19	0.0
891	0.0976	0.19	0.0
892	0.0976	0.19	0.0
893	0.0976	0.19	0.0
894	0.0976	0.19	0.0
895	0.0976	0.19	0.0
896	0.0976	0.19	0.0
897	1.0	1.9472	0.0
898	1.0	1.486	0.3197
899	1.0	1.486	0.3197
900	1.0	1.9472	0.0
901	1.0	1.9472	0.0
902	1.0	1.9472	0.0
903	1.0	1.9472	0.0
904	1.0	1.9472	0.0
905	1.0	1.9472	0.0
906	1.0	1.9472	0.0
907	1.0	1.2515	0.4822
908	1.0	1.486	0.3197
909	1.0	1.486	0.3197
910	1.0	1.486	0.3197
911	1.0	1.486	0.3197
912	1.0	1.9472	0.0
913	1.0	1.7818	0.1147
914	1.0	1.9472	0.0
915	0.0976	0.19	0.0
916	0.0976	0.19	0.0
917	0.0976	0.19	0.0
918	0.0976	0.19	0.0
919	0.0976	0.19	0.0
920	0.0976	0.19	0.0
921	0.0976	0.19	0.0
922	0.0976	0.19	0.0
923	0.0976	0.19	0.0
924	0.0976	0.19	0.0
925	0.0976	0.19	0.0
926	0.0976	0.19	0.0
927	0.0976	0.19	0.0
928	0.0976	0.19	0.0
929	0.0976	0.19	0.0
930	1.0	1.486	0.3197
931	1.0	1.9472	0.0
932	1.0	1.9472	0.0
933	1.0	1.9472	0.0
934	1.0	0.642	0.9047
935	1.0	1.486	0.3197
936	1.0	1.9472	0.0
937	1.0	1.486	0.3197
938	1.0	1.486	0.3197
939	1.0	1.486	0.3197
940	1.0	1.9472	0.0
941	1.0	1.7818	0.1147
942	1.0	1.7818	0.1147
943	1.0	1.7818	0.1147
944	1.0	1.9472	0.0
945	1.0	1.486	0.3197
946	1.0	1.9472	0.0
947	1.0	1.9472	0.0
948	1.0	1.7818	0.1147
949	1.0	1.7818	0.1147
950	1.0	1.9472	0.0
951	1.0	1.9472	0.0
952	0.9024	1.5955	0.1243
953	0.9024	1.7572	0.0
954	0.9024	1.7572	0.0
955	0.9024	1.7572	0.0
956	0.9024	1.7572	0.0
957	0.9024	1.7572	0.0
958	0.0244	0.0475	0.0
959	0.9024	1.7572	0.0
960	0.9024	1.7572	0.0
961	0.9024	1.7572	0.0
962	0.9024	1.7572	0.0
963	0.9024	1.7572	0.0
964	1.0	1.9472	0.0
965	1.0	1.9472	0.0
966	1.0	1.9472	0.0
967	1.0	1.9472	0.0
968	1.0	1.486	0.3197
969	1.0	1.9472	0.0
970	0.0244	0.0475	0.0
971	1.0	1.486	0.3197
972	1.0	1.486	0.3197
973	1.0	1.9472	0.0
974	1.0	1.486	0.3197
975	1.0	1.9472	0.0
976	1.0	1.9472	0.0
977	1.0	1.9472	0.0
978	0.0976	0.19	0.0
979	0.0976	0.19	0.0
980	0.0976	0.19	0.0
981	0.0976	0.19	0.0
982	0.0976	0.19	0.0
983	0.0976	0.19	0.0
984	0.0976	0.19	0.0
985	0.0976	0.19	0.0
986	0.0976	0.19	0.0
987	0.0976	0.19	0.0
988	0.0976	0.19	0.0
989	1.0	1.9472	0.0
990	1.0	1.9472	0.0
991	1.0	1.9472	0.0
992	1.0	1.7818	0.1147
993	1.0	1.7818	0.1147
994	1.0	1.9472	0.0
995	1.0	1.9472	0.0
996	1.0	1.486	0.3197
997	1.0	1.9472	0.0
998	1.0	1.9472	0.0
999	1.0	1.7818	0.1147
1000	1.0	1.9472	0.0
1001	1.0	1.7818	0.1147
1002	0.0244	0.0475	0.0
1003	0.9024	1.7572	0.0
1004	0.9024	1.1536	0.4637
1005	0.9024	1.7572	0.0
1006	0.9024	1.7572	0.0
1007	1.0	1.9472	0.0
1008	0.0244	0.0475	0.0
1009	1.0	1.9472	0.0
1010	1.0	1.9472	0.0
1011	0.9024	1.7572	0.0
1012	0.9024	1.7572	0.0
1013	0.9024	1.7572	0.0
1014	0.9024	1.7572	0.0
1015	0.9024	1.7572	0.0
1016	0.9024	1.7572	0.0
1017	0.9024	1.7572	0.0
1018	0.9024	1.7572	0.0
1019	0.9024	1.7572	0.0
1020	0.9024	1.5955	0.1243
1021	0.9024	1.7572	0.0
1022	1.0	1.9472	0.0
1023	1.0	1.9472	0.0
1024	1.0	1.9472	0.0
1025	1.0	1.486	0.3197
1026	1.0	1.9472	0.0
1027	1.0	1.486	0.3197
1028	1.0	1.486	0.3197
1029	1.0	1.9472	0.0
1030	1.0	1.9472	0.0
1031	1.0	1.9472	0.0
1032	1.0	1.486	0.3197
1033	1.0	1.486	0.3197
1034	1.0	1.486	0.3197
1035	1.0	1.486	0.3197
1036	1.0	1.486	0.3197
1037	1.0	1.9472	0.0
1038	1.0	1.9472	0.0
1039	1.0	1.9472	0.0
1040	1.0	1.9472	0.0
1041	1.0	1.9472	0.0
1042	1.0	1.9472	0.0
1043	1.0	1.9472	0.0
1044	1.0	1.3242	0.4318
1045	1.0	1.4123	0.3708
1046	0.0488	0.0462	0.6931
1047	0.9024	1.7572	0.0
1048	0.9024	1.7572	0.0
1049	0.9024	1.7572	0.0
1050	0.9024	1.7572	0.0
1051	0.9024	1.7572	0.0
1052	0.9024	1.7572	0.0
1053	0.9024	1.7572	0.0
1054	1.0	1.486	0.3197
1055	1.0	1.486	0.3197
1056	1.0	1.9472	0.0
1057	1.0	1.3242	0.4318
1058	1.0	1.486	0.3197
1059	1.0	1.9472	0.0
1060	1.0	1.486	0.3197
1061	1.0	1.486	0.3197
1062	1.0	1.7818	0.1147
1063	1.0	1.486	0.3197
1064	1.0	1.9472	0.0
1065	1.0	1.9472	0.0
1066	1.0	1.9472	0.0
1067	1.0	1.9472	0.0
1068	1.0	1.9472	0.0
1069	1.0	1.486	0.3197
1070	1.0	1.9472	0.0
1071	1.0	1.486	0.3197
1072	1.0	1.9472	0.0
1073	1.0	1.486	0.3197
1074	1.0	1.9472	0.0
1075	1.0	1.9472	0.0
1076	0.0976	0.19	0.0
1077	1.0	1.4123	0.3708
1078	1.0	1.9472	0.0
1079	1.0	1.9472	0.0
1080	1.0	1.9472	0.0
1081	1.0	1.486	0.3197
1082	1.0	1.486	0.3197
1083	1.0	1.486	0.3197
1084	1.0	1.5696	0.2618
1085	1.0	1.9472	0.0
1086	1.0	1.4123	0.3708
1087	1.0	1.486	0.3197
1088	1.0	1.9472	0.0
1089	1.0	1.486	0.3197
1090	1.0	1.9472	0.0
1091	1.0	1.9472	0.0
1092	0.9024	1.7572	0.0
1093	0.9024	1.5955	0.1243
1094	0.9024	1.7572	0.0
1095	0.9024	1.7572	0.0
1096	1.0	1.9472	0.0
1097	1.0	1.486	0.3197
1098	1.0	1.4123	0.3708
1099	1.0	1.9472	0.0
1100	1.0	1.486	0.3197
1101	1.0	1.9472	0.0
1102	0.0976	0.19	0.0
1103	0.0976	0.19	0.0
1104	0.0976	0.19	0.0
1105	0.0976	0.19	0.0
1106	0.0976	0.19	0.0
1107	0.0976	0.19	0.0
1108	0.0244	0.0475	0.0
1109	1.0	1.486	0.3197
1110	1.0	1.9472	0.0
1111	1.0	1.3242	0.4318
1112	1.0	1.9472	0.0
1113	1.0	1.9472	0.0
1114	1.0	1.9472	0.0
1115	1.0	1.9472	0.0
1116	1.0	1.486	0.3197
1117	1.0	1.3242	0.4318
1118	1.0	1.9472	0.0
1119	1.0	1.486	0.3197
1120	0.0976	0.1108	0.5623
1121	0.0976	0.19	0.0
1122	0.0976	0.19	0.0
1123	0.0976	0.19	0.0
1124	0.0976	0.0924	0.6931
1125	1.0	1.7818	0.1147
1126	1.0	1.9472	0.0
1127	1.0	1.9472	0.0
1128	1.0	1.486	0.3197
1129	1.0	1.9472	0.0
1130	1.0	1.486	0.3197
1131	1.0	1.9472	0.0
1132	1.0	0.9998	0.6567
1133	1.0	1.9472	0.0
1134	1.0	1.9472	0.0
1135	1.0	1.4123	0.3708
1136	1.0	1.4123	0.3708
1137	0.9024	1.7572	0.0
1138	0.9024	1.7572	0.0
1139	0.9024	1.7572	0.0
1140	0.9024	1.7572	0.0
1141	1.0	1.9472	0.0
1142	1.0	1.9472	0.0
1143	1.0	1.3242	0.4318
1144	1.0	1.7818	0.1147
1145	1.0	1.9472	0.0
1146	1.0	1.5696	0.2618
1147	1.0	0.7413	0.8359
1148	1.0	0.9089	0.7197
1149	1.0	1.6172	0.2287
1150	1.0	0.8942	0.7299
1151	1.0	1.486	0.3197
1152	1.0	1.7818	0.1147
1153	1.0	1.9472	0.0
1154	1.0	1.046	0.6246
1155	1.0	1.021	0.642
1156	0.0976	0.19	0.0
1157	0.0976	0.19	0.0
1158	0.0976	0.19	0.0
1159	0.0976	0.19	0.0
1160	0.0976	0.19	0.0
1161	0.0976	0.19	0.0
1162	0.0976	0.19	0.0
1163	0.0976	0.19	0.0
1164	0.0976	0.19	0.0
1165	0.0976	0.19	0.0
1166	0.0976	0.19	0.0
1167	0.0976	0.19	0.0
1168	0.0976	0.19	0.0
1169	0.0976	0.19	0.0
1170	1.0	0.8062	0.7909
1171	1.0	1.3242	0.4318
1172	1.0	1.3242	0.4318
1173	1.0	1.9472	0.0
1174	1.0	1.021	0.642
1175	1.0	1.7818	0.1147
1176	1.0	1.9472	0.0
1177	1.0	1.486	0.3197
1178	1.0	1.9472	0.0
1179	1.0	1.9472	0.0
1180	1.0	1.486	0.3197
1181	1.0	1.4069	0.3746
1182	1.0	1.7818	0.1147
1183	1.0	1.3242	0.4318
1184	1.0	1.9472	0.0
1185	1.0	1.486	0.3197
1186	1.0	1.486	0.3197
1187	1.0	1.486	0.3197
1188	1.0	1.486	0.3197
1189	1.0	1.9472	0.0
1190	1.0	1.486	0.3197
1191	1.0	1.9472	0.0
1192	1.0	1.486	0.3197
1193	1.0	1.4123	0.3708
1194	1.0	1.486	0.3197
1195	1.0	1.486	0.3197
1196	1.0	1.486	0.3197
1197	1.0	1.1196	0.5736
1198	1.0	1.486	0.3197
1199	1.0	1.9472	0.0
1200	1.0	1.9472	0.0
1201	1.0	1.486	0.3197
1202	1.0	1.486	0.3197
1203	1.0	1.9472	0.0
1204	1.0	1.7818	0.1147
1205	1.0	1.486	0.3197
1206	1.0	1.9472	0.0
1207	1.0	1.3242	0.4318
1208	0.0732	0.1425	0.0
1209	1.0	1.9472	0.0
1210	1.0	1.9472	0.0
1211	1.0	1.486	0.3197
1212	1.0	1.7818	0.1147
1213	1.0	1.486	0.3197
1214	1.0	1.9472	0.0
1215	1.0	1.3242	0.4318
1216	1.0	1.9472	0.0
1217	1.0	1.9472	0.0
1218	0.0976	0.19	0.0
1219	1.0	1.9472	0.0
1220	1.0	1.486	0.3197
1221	1.0	1.486	0.3197
1222	1.0	1.9472	0.0
1223	1.0	1.486	0.3197
1224	1.0	1.9472	0.0
1225	1.0	1.486	0.3197
1226	1.0	1.486	0.3197
1227	1.0	1.9472	0.0
1228	1.0	1.9472	0.0
1229	1.0	1.9472	0.0
1230	1.0	1.9472	0.0
1231	0.9024	1.7572	0.0
1232	0.9024	1.7572	0.0
1233	0.9024	1.7572	0.0
1234	0.9024	1.7572	0.0
1235	0.9024	1.7572	0.0
1236	0.9024	1.7572	0.0
1237	0.9024	1.7572	0.0
1238	0.9024	1.7572	0.0
1239	0.9024	1.7572	0.0
1240	0.9024	1.7572	0.0
1241	1.0	1.486	0.3197
1242	1.0	1.9472	0.0
1243	1.0	1.486	0.3197
1244	1.0	1.7818	0.1147
1245	1.0	1.9472	0.0
1246	1.0	1.486	0.3197
1247	1.0	1.486	0.3197
1248	1.0	1.486	0.3197
1249	1.0	1.9472	0.0
1250	1.0	1.9472	0.0
1251	1.0	1.9472	0.0
1252	1.0	1.486	0.3197
1253	1.0	1.9472	0.0
1254	1.0	1.486	0.3197
1255	1.0	1.3242	0.4318
1256	1.0	1.9472	0.0
1257	1.0	1.486	0.3197
1258	1.0	1.486	0.3197
1259	1.0	1.9472	0.0
1260	1.0	1.9472	0.0
1261	1.0	1.9472	0.0
1262	1.0	1.9472	0.0
1263	1.0	1.9472	0.0
1264	0.9268	1.642	0.1217
1265	0.9268	1.642	0.1217
1266	0.9268	1.642	0.1217
1267	0.9268	1.642	0.1217
1268	1.0	1.666	0.1949
1269	0.9756	1.7352	0.1169
1270	1.0	1.9472	0.0
1271	1.0	1.4069	0.3746
1272	1.0	1.5696	0.2618
1273	1.0	1.9472	0.0
1274	1.0	1.5696	0.2618
1275	1.0	1.4069	0.3746
1276	1.0	1.9472	0.0
1277	1.0	1.7818	0.1147
1278	1.0	1.486	0.3197
1279	1.0	1.6172	0.2287
1280	1.0	1.7818	0.1147
1281	0.9268	1.8047	0.0
1282	0.9268	1.8047	0.0
1283	0.9268	1.8047	0.0
1284	0.9268	1.642	0.1217
1285	0.9268	1.642	0.1217
1286	0.9268	1.8047	0.0
1287	0.9024	1.7572	0.0
1288	0.9024	1.7572	0.0
1289	0.9024	1.7572	0.0
1290	0.9756	1.5248	0.2664
1291	0.9756	1.8997	0.0
1292	0.9756	1.8997	0.0
1293	0.9756	1.8997	0.0
1294	0.9756	1.5248	0.2664
1295	0.9756	1.8997	0.0
1296	0.9756	1.8997	0.0
1297	0.9756	1.8997	0.0
1298	0.9756	1.8997	0.0
1299	0.9512	1.5746	0.2023
1300	0.9512	1.8522	0.0
1301	0.9512	1.5746	0.2023
1302	0.9024	1.7572	0.0
1303	0.9024	1.7572	0.0
1304	0.9024	1.7572	0.0
1305	0.9024	1.7572	0.0
1306	0.9024	1.7572	0.0
1307	0.9024	1.7572	0.0
1308	0.9024	1.7572	0.0
1309	0.9268	1.8047	0.0
1310	0.9268	1.529	0.2062
1311	0.9268	1.642	0.1217
1312	0.9512	1.8522	0.0
1313	0.9512	1.6886	0.1192
1314	1.0	1.9472	0.0
1315	1.0	1.5696	0.2618
1316	1.0	1.9472	0.0
1317	1.0	1.9472	0.0
1318	1.0	1.9472	0.0
1319	1.0	1.9472	0.0
1320	1.0	1.9472	0.0
1321	0.9024	1.7572	0.0
1322	0.9024	1.7572	0.0
1323	0.9024	1.5955	0.1243
1324	0.9024	1.5955	0.1243
1325	0.9024	1.5955	0.1243
1326	0.9024	1.7572	0.0
1327	0.9024	1.5955	0.1243
1328	0.9024	1.7572	0.0
1329	0.9024	1.7572	0.0
1330	0.9024	1.7572	0.0
1331	0.9024	1.7572	0.0
1332	0.9024	1.7572	0.0
1333	0.9024	1.7572	0.0
1334	0.9024	1.7572	0.0
1335	0.9024	1.7572	0.0
1336	0.9024	1.7572	0.0
1337	0.9024	1.7572	0.0
1338	0.9024	1.7572	0.0
1339	0.9024	1.7572	0.0
1340	0.9024	1.7572	0.0
1341	1.0	1.9472	0.0
1342	1.0	0.9683	0.6785
1343	1.0	1.9472	0.0
1344	1.0	1.486	0.3197
1345	1.0	1.486	0.3197
1346	1.0	1.9472	0.0
1347	1.0	1.9472	0.0
1348	1.0	1.9472	0.0
1349	1.0	1.9472	0.0
1350	1.0	1.9472	0.0
1351	1.0	1.486	0.3197
1352	1.0	1.9472	0.0
1353	1.0	1.9472	0.0
1354	1.0	1.9472	0.0
1355	0.0976	0.19	0.0
1356	0.0976	0.19	0.0
1357	0.0976	0.19	0.0
1358	0.0976	0.19	0.0
1359	0.0976	0.19	0.0
1360	0.0976	0.19	0.0
1361	0.0976	0.19	0.0
1362	0.0976	0.19	0.0
1363	0.0976	0.19	0.0
1364	0.0976	0.19	0.0
1365	0.0976	0.19	0.0
1366	1.0	1.9472	0.0
1367	1.0	1.9472	0.0
1368	1.0	1.9472	0.0
1369	1.0	1.486	0.3197
1370	1.0	1.9472	0.0
1371	1.0	1.486	0.3197
1372	1.0	1.7818	0.1147
1373	0.0976	0.19	0.0
1374	0.0976	0.19	0.0
1375	0.0976	0.19	0.0
1376	0.0976	0.19	0.0
1377	0.0976	0.19	0.0
1378	1.0	1.7818	0.1147
1379	1.0	1.9472	0.0
1380	1.0	1.7818	0.1147
1381	1.0	1.7818	0.1147
1382	1.0	1.3242	0.4318
1383	1.0	1.9472	0.0
1384	1.0	1.9472	0.0
1385	1.0	1.486	0.3197
1386	1.0	1.9472	0.0
1387	1.0	1.486	0.3197
1388	1.0	1.9472	0.0
1389	1.0	1.9472	0.0
1390	0.9024	1.7572	0.0
1391	0.9024	1.7572	0.0
1392	1.0	1.9472	0.0
1393	1.0	1.486	0.3197
1394	1.0	1.9472	0.0
1395	1.0	1.9472	0.0
1396	1.0	1.486	0.3197
1397	1.0	1.486	0.3197
1398	1.0	1.9472	0.0
1399	1.0	1.9472	0.0
1400	1.0	1.9472	0.0
1401	1.0	1.486	0.3197
1402	1.0	1.3242	0.4318
1403	0.0244	0.0475	0.0
1404	0.9024	1.7572	0.0
1405	0.9024	1.7572	0.0
1406	0.9024	1.7572	0.0
1407	0.9024	1.7572	0.0
1408	1.0	1.9472	0.0
1409	1.0	1.486	0.3197
1410	1.0	1.9472	0.0
1411	1.0	1.9472	0.0
1412	1.0	1.486	0.3197
1413	1.0	1.9472	0.0
1414	1.0	1.9472	0.0
1415	1.0	1.9472	0.0
1416	1.0	1.486	0.3197
1417	1.0	1.486	0.3197
1418	1.0	1.7818	0.1147
1419	0.0976	0.19	0.0
1420	0.0976	0.19	0.0
1421	1.0	1.9472	0.0
1422	1.0	1.9472	0.0
1423	1.0	1.486	0.3197
1424	1.0	1.9472	0.0
1425	1.0	1.9472	0.0
1426	1.0	1.9472	0.0
1427	0.0976	0.19	0.0
1428	0.0976	0.19	0.0
1429	0.0976	0.19	0.0
1430	1.0	1.7818	0.1147
1431	1.0	1.9472	0.0
1432	1.0	1.486	0.3197
1433	1.0	1.486	0.3197
1434	1.0	1.3242	0.4318
1435	1.0	1.9472	0.0
1436	1.0	1.486	0.3197
1437	1.0	1.486	0.3197
1438	1.0	1.9472	0.0
1439	1.0	1.9472	0.0
1440	1.0	1.486	0.3197
1441	1.0	1.7818	0.1147
1442	0.0976	0.19	0.0
1443	1.0	1.9472	0.0
1444	1.0	1.9472	0.0
1445	1.0	1.486	0.3197
1446	1.0	1.9472	0.0
1447	1.0	1.9472	0.0
1448	1.0	1.9472	0.0
1449	1.0	1.486	0.3197
1450	1.0	1.9472	0.0
1451	1.0	1.486	0.3197
1452	1.0	1.7818	0.1147
1453	0.0976	0.19	0.0
1454	1.0	1.486	0.3197
1455	1.0	1.486	0.3197
1456	1.0	1.7818	0.1147
1457	1.0	1.9472	0.0
1458	1.0	1.9472	0.0
1459	1.0	1.486	0.3197
1460	0.0976	0.19	0.0
1461	0.0976	0.19	0.0
1462	0.0976	0.19	0.0
1463	0.0976	0.19	0.0
1464	1.0	1.9472	0.0
1465	1.0	1.9472	0.0
1466	1.0	1.7818	0.1147
1467	1.0	1.9472	0.0
1468	1.0	1.1634	0.5433
1469	1.0	1.486	0.3197
1470	1.0	1.9472	0.0
1471	1.0	1.486	0.3197
1472	1.0	1.486	0.3197
1473	1.0	1.486	0.3197
1474	1.0	1.9472	0.0
1475	1.0	1.486	0.3197
1476	1.0	1.9472	0.0
1477	1.0	1.7818	0.1147
1478	1.0	1.486	0.3197
1479	1.0	1.9472	0.0
1480	1.0	1.9472	0.0
1481	1.0	1.486	0.3197
1482	1.0	1.4123	0.3708
1483	0.9756	1.4422	0.3251
1484	0.9756	1.3048	0.4227
1485	0.9756	1.7352	0.1169
1486	0.9756	1.4422	0.3251
1487	0.9756	1.4422	0.3251
1488	0.9756	1.7352	0.1169
1489	1.0	1.9472	0.0
1490	1.0	1.9472	0.0
1491	0.9024	1.4835	0.2103
1492	0.9024	0.3708	1.0649
1493	0.9024	0.523	0.948
1494	0.9024	1.7572	0.0
1495	0.9024	1.2321	0.4033
1496	0.9024	1.7572	0.0
1497	0.9024	1.5955	0.1243
1498	0.9024	1.7572	0.0
1499	0.0244	0.0475	0.0
1500	0.0244	0.0475	0.0
1501	0.0244	0.0475	0.0
1502	0.0244	0.0475	0.0
1503	1.0	0.9476	0.6928
1504	1.0	1.7818	0.1147
1505	1.0	1.486	0.3197
1506	1.0	1.486	0.3197
1507	1.0	1.7818	0.1147
1508	1.0	1.3242	0.4318
1509	1.0	1.486	0.3197
1510	1.0	1.486	0.3197
1511	1.0	1.2451	0.4867
1512	1.0	1.9472	0.0
1513	1.0	1.486	0.3197
1514	1.0	1.9472	0.0
1515	1.0	1.486	0.3197
1516	1.0	1.486	0.3197
1517	1.0	1.9472	0.0
1518	1.0	1.9472	0.0
1519	1.0	1.7818	0.1147
1520	1.0	1.486	0.3197
1521	1.0	1.486	0.3197
1522	1.0	1.9472	0.0
1523	1.0	1.486	0.3197
1524	1.0	1.486	0.3197
1525	1.0	1.9472	0.0
1526	1.0	1.9472	0.0
1527	1.0	1.9472	0.0
1528	1.0	1.9472	0.0
1529	1.0	1.486	0.3197
1530	0.878	1.7098	0.0
1531	0.878	1.7098	0.0
1532	1.0	1.9472	0.0
1533	1.0	1.3242	0.4318
1534	1.0	1.486	0.3197
1535	1.0	1.2878	0.457
1536	1.0	1.046	0.6246
1537	1.0	1.1879	0.5263
1538	1.0	1.486	0.3197
1539	1.0	1.3242	0.4318
1540	1.0	1.9472	0.0
1541	1.0	1.486	0.3197
1542	1.0	1.666	0.1949
1543	0.0244	0.0475	0.0
1544	0.9024	1.7572	0.0
1545	0.9024	0.8824	0.6719
1546	0.9024	1.7572	0.0
1547	0.9024	1.7572	0.0
1548	1.0	1.9472	0.0
1549	1.0	1.486	0.3197
1550	1.0	1.9472	0.0
1551	1.0	1.486	0.3197
1552	1.0	1.9472	0.0
1553	1.0	1.9472	0.0
1554	1.0	1.9472	0.0
1555	1.0	1.3242	0.4318
1556	1.0	1.9472	0.0
1557	1.0	1.486	0.3197
1558	1.0	1.486	0.3197
1559	1.0	1.9472	0.0
1560	1.0	1.486	0.3197
1561	1.0	1.9472	0.0
1562	1.0	1.486	0.3197
1563	1.0	1.486	0.3197
1564	1.0	1.9472	0.0
1565	1.0	1.486	0.3197
1566	1.0	1.486	0.3197
1567	1.0	1.9472	0.0
1568	1.0	1.486	0.3197
1569	1.0	1.9472	0.0
1570	1.0	1.9472	0.0
1571	1.0	1.9472	0.0
1572	0.0976	0.19	0.0
1573	1.0	1.9472	0.0
1574	1.0	1.9472	0.0
1575	1.0	1.486	0.3197
1576	1.0	1.486	0.3197
1577	1.0	1.486	0.3197
1578	1.0	1.486	0.3197
1579	1.0	1.9472	0.0
1580	1.0	1.9472	0.0
1581	1.0	1.7818	0.1147
1582	1.0	1.7818	0.1147
1583	1.0	1.3242	0.4318
1584	1.0	1.7818	0.1147
1585	1.0	1.9472	0.0
1586	1.0	1.7818	0.1147
1587	1.0	1.9472	0.0
1588	1.0	1.9472	0.0
1589	1.0	1.486	0.3197
1590	0.0244	0.0475	0.0
1591	1.0	1.3242	0.4318
1592	1.0	1.7818	0.1147
1593	1.0	1.3466	0.4163
1594	1.0	1.9472	0.0
1595	1.0	1.486	0.3197
1596	1.0	1.7818	0.1147
1597	0.0976	0.19	0.0
1598	0.0976	0.19	0.0
1599	0.0976	0.19	0.0
1600	0.0976	0.19	0.0
1601	1.0	1.9472	0.0
1602	1.0	1.486	0.3197
1603	1.0	1.9472	0.0
1604	1.0	1.9472	0.0
1605	1.0	1.486	0.3197
1606	1.0	1.9472	0.0
1607	1.0	1.7818	0.1147
1608	1.0	1.486	0.3197
1609	1.0	1.9472	0.0
1610	1.0	1.486	0.3197
1611	1.0	1.9472	0.0
1612	1.0	1.7818	0.1147
1613	1.0	1.486	0.3197
1614	1.0	1.486	0.3197
1615	1.0	1.486	0.3197
1616	1.0	1.9472	0.0
1617	1.0	1.3242	0.4318
1618	1.0	1.9472	0.0
1619	1.0	1.9472	0.0
1620	0.9024	1.5955	0.1243
1621	0.9024	1.5955	0.1243
1622	0.9024	1.5955	0.1243
1623	0.9024	1.7572	0.0
1624	0.9024	1.5955	0.1243
1625	0.9024	1.5955	0.1243
1626	0.9024	1.7572	0.0
1627	1.0	1.9472	0.0
1628	1.0	1.486	0.3197
1629	1.0	1.9472	0.0
1630	1.0	1.9472	0.0
1631	1.0	1.9472	0.0
1632	1.0	1.486	0.3197
1633	1.0	1.486	0.3197
1634	1.0	1.486	0.3197
1635	1.0	1.4123	0.3708
1636	1.0	1.4123	0.3708
1637	1.0	1.486	0.3197
1638	1.0	1.7818	0.1147
1639	1.0	1.2122	0.5095
1640	1.0	1.486	0.3197
1641	1.0	1.9472	0.0
1642	1.0	1.9472	0.0
1643	1.0	0.8063	0.7908
1644	1.0	0.6937	0.8689
1645	1.0	1.4123	0.3708
1646	1.0	1.2352	0.4936
1647	1.0	0.9476	0.6928
1648	1.0	1.486	0.3197
1649	1.0	1.486	0.3197
1650	1.0	0.8345	0.7713
1651	1.0	1.486	0.3197
1652	1.0	1.9472	0.0
1653	0.0976	0.19	0.0
1654	0.0976	0.19	0.0
1655	0.0976	0.19	0.0
1656	0.0976	0.19	0.0
1657	0.0976	0.19	0.0
1658	1.0	1.486	0.3197
1659	1.0	1.4123	0.3708
1660	1.0	0.958	0.6857
1661	1.0	0.642	0.9047
1662	1.0	1.486	0.3197
1663	1.0	1.9472	0.0
1664	1.0	1.9472	0.0
1665	1.0	1.9472	0.0
1666	1.0	1.9472	0.0
1667	0.9756	1.4422	0.3251
1668	1.0	1.486	0.3197
1669	1.0	1.9472	0.0
1670	1.0	1.486	0.3197
1671	1.0	1.486	0.3197
1672	0.9268	0.6825	0.8393
1673	1.0	1.2515	0.4822
1674	1.0	1.3884	0.3873
1675	1.0	1.486	0.3197
1676	1.0	1.486	0.3197
1677	1.0	1.486	0.3197
1678	1.0	1.7818	0.1147
1679	1.0	1.486	0.3197
1680	1.0	1.4123	0.3708
1681	1.0	1.7818	0.1147
1682	1.0	1.7818	0.1147
1683	1.0	1.9472	0.0
1684	1.0	1.9472	0.0
1685	1.0	1.7818	0.1147
1686	0.0976	0.19	0.0
1687	0.0976	0.19	0.0
1688	0.0976	0.19	0.0
1689	0.0976	0.19	0.0
1690	0.0976	0.19	0.0
1691	1.0	1.9472	0.0
1692	1.0	1.9472	0.0
1693	1.0	1.7818	0.1147
1694	1.0	1.9472	0.0
1695	0.9756	1.4422	0.3251
1696	0.9756	1.8997	0.0
1697	1.0	1.9472	0.0
1698	1.0	1.9472	0.0
1699	1.0	1.486	0.3197
1700	1.0	1.486	0.3197
1701	1.0	1.486	0.3197
1702	1.0	1.486	0.3197
1703	1.0	1.9472	0.0
1704	0.9024	1.5955	0.1243
1705	0.9024	1.5955	0.1243
1706	1.0	1.9472	0.0
1707	1.0	1.9472	0.0
1708	1.0	1.9472	0.0
1709	1.0	1.486	0.3197
1710	1.0	1.486	0.3197
1711	1.0	1.9472	0.0
1712	1.0	1.9472	0.0
1713	1.0	1.666	0.1949
1714	1.0	1.486	0.3197
1715	1.0	1.4123	0.3708
1716	1.0	1.9472	0.0
1717	1.0	1.486	0.3197
1718	1.0	1.486	0.3197
1719	1.0	1.7818	0.1147
1720	1.0	1.9472	0.0
1721	1.0	1.9472	0.0
1722	1.0	1.3242	0.4318
1723	1.0	1.486	0.3197
1724	1.0	1.9472	0.0
1725	1.0	1.7818	0.1147
1726	1.0	1.486	0.3197
1727	1.0	1.9472	0.0
1728	1.0	1.486	0.3197
1729	1.0	1.486	0.3197
1730	1.0	1.9472	0.0
1731	1.0	1.666	0.1949
1732	1.0	1.6172	0.2287
1733	1.0	1.486	0.3197
1734	1.0	1.486	0.3197
1735	1.0	1.3242	0.4318
1736	1.0	1.9472	0.0
1737	0.0976	0.19	0.0
1738	0.0976	0.19	0.0
1739	0.0976	0.19	0.0
1740	0.0976	0.19	0.0
1741	0.0976	0.19	0.0
1742	0.0976	0.19	0.0
1743	0.0976	0.19	0.0
1744	0.0976	0.19	0.0
1745	0.0976	0.19	0.0
1746	0.0976	0.19	0.0
1747	0.0976	0.19	0.0
1748	1.0	1.9472	0.0
1749	1.0	1.486	0.3197
1750	1.0	1.9472	0.0
1751	1.0	1.9472	0.0
1752	1.0	1.9472	0.0
1753	1.0	1.486	0.3197
1754	1.0	1.9472	0.0
1755	1.0	1.486	0.3197
1756	1.0	1.9472	0.0
1757	1.0	1.486	0.3197
1758	1.0	0.9683	0.6785
1759	1.0	1.9472	0.0
1760	1.0	1.486	0.3197
1761	1.0	1.5696	0.2618
1762	1.0	1.9472	0.0
1763	1.0	1.9472	0.0
1764	1.0	1.9472	0.0
1765	1.0	1.9472	0.0
1766	1.0	1.9472	0.0
1767	0.0976	0.19	0.0
1768	0.0976	0.1108	0.5623
1769	0.0976	0.19	0.0
1770	0.0976	0.0924	0.6931
1771	0.0976	0.19	0.0
1772	0.0976	0.19	0.0
1773	0.0976	0.19	0.0
1774	0.0976	0.19	0.0
1775	0.0976	0.1108	0.5623
1776	0.0976	0.1108	0.5623
1777	0.0976	0.19	0.0
1778	0.0976	0.19	0.0
1779	0.0976	0.1108	0.5623
1780	0.0976	0.19	0.0
1781	1.0	1.9472	0.0
1782	1.0	1.9472	0.0
1783	1.0	1.7818	0.1147
1784	1.0	1.3242	0.4318
1785	1.0	1.666	0.1949
1786	1.0	1.9472	0.0
1787	1.0	1.9472	0.0
1788	1.0	1.486	0.3197
1789	1.0	1.9472	0.0
1790	1.0	1.9472	0.0
1791	1.0	1.9472	0.0
1792	1.0	1.486	0.3197
1793	1.0	1.7818	0.1147
1794	0.0976	0.19	0.0
1795	0.0976	0.19	0.0
1796	0.0976	0.19	0.0
1797	0.0976	0.19	0.0
1798	0.0976	0.19	0.0
1799	0.0976	0.19	0.0
1800	0.0976	0.19	0.0
1801	0.0976	0.19	0.0
1802	0.0976	0.19	0.0
1803	0.0976	0.19	0.0
1804	0.0976	0.19	0.0
1805	0.0976	0.19	0.0
1806	0.0976	0.19	0.0
1807	0.0976	0.19	0.0
1808	0.0976	0.19	0.0
1809	1.0	1.9472	0.0
1810	1.0	1.486	0.3197
1811	1.0	1.9472	0.0
1812	1.0	1.486	0.3197
1813	1.0	1.9472	0.0
1814	1.0	1.9472	0.0
1815	1.0	1.9472	0.0
1816	1.0	1.9472	0.0
1817	1.0	1.9472	0.0
1818	1.0	1.486	0.3197
1819	1.0	1.9472	0.0
1820	1.0	1.9472	0.0
1821	0.0976	0.19	0.0
1822	0.0976	0.1108	0.5623
1823	0.0976	0.19	0.0
1824	0.0976	0.19	0.0
1825	0.0976	0.19	0.0
1826	0.0976	0.19	0.0
1827	0.0976	0.19	0.0
1828	0.0976	0.19	0.0
1829	0.0976	0.19	0.0
1830	0.0976	0.19	0.0
1831	0.0976	0.19	0.0
1832	0.0976	0.19	0.0
1833	0.0976	0.19	0.0
1834	1.0	1.486	0.3197
1835	1.0	1.486	0.3197
1836	1.0	1.5696	0.2618
1837	1.0	1.9472	0.0
1838	1.0	1.9472	0.0
1839	0.9512	1.3984	0.3307
1840	1.0	1.9472	0.0
1841	1.0	1.9472	0.0
1842	1.0	1.4123	0.3708
1843	1.0	1.486	0.3197
1844	1.0	1.9472	0.0
1845	1.0	1.486	0.3197
1846	1.0	1.486	0.3197
1847	1.0	1.486	0.3197
1848	1.0	1.486	0.3197
1849	1.0	1.9472	0.0
1850	1.0	1.486	0.3197
1851	1.0	1.486	0.3197
1852	1.0	1.9472	0.0
1853	1.0	1.486	0.3197
1854	1.0	1.9472	0.0
1855	0.0976	0.19	0.0
1856	0.0976	0.19	0.0
1857	1.0	1.486	0.3197
1858	1.0	1.9472	0.0
1859	1.0	1.4123	0.3708
1860	1.0	1.9472	0.0
1861	1.0	1.9472	0.0
1862	1.0	1.9472	0.0
1863	0.7317	1.4248	0.0
1864	0.7317	1.0103	0.3927
1865	0.7317	1.4248	0.0
1866	0.7317	1.0103	0.3927
1867	0.7317	1.4248	0.0
1868	0.0976	0.19	0.0
1869	0.0976	0.19	0.0
1870	0.0976	0.19	0.0
1871	0.0976	0.19	0.0
1872	0.0976	0.19	0.0
1873	0.0976	0.19	0.0
1874	0.0976	0.19	0.0
1875	0.0976	0.19	0.0
1876	0.0976	0.19	0.0
1877	0.0976	0.19	0.0
1878	0.0976	0.1108	0.5623
1879	0.0976	0.19	0.0
1880	0.0976	0.19	0.0
1881	0.0976	0.19	0.0
1882	0.0976	0.19	0.0
1883	0.0976	0.19	0.0
1884	0.0976	0.19	0.0
1885	0.0976	0.19	0.0
1886	0.0976	0.19	0.0
1887	0.0976	0.19	0.0
1888	0.0976	0.19	0.0
1889	0.0976	0.19	0.0
1890	0.0976	0.19	0.0
1891	0.0976	0.19	0.0
1892	0.0976	0.19	0.0
1893	0.0976	0.19	0.0
1894	0.0976	0.19	0.0
1895	0.0976	0.19	0.0
1896	0.0976	0.19	0.0
1897	0.0976	0.19	0.0
1898	0.0976	0.19	0.0
1899	0.7317	1.4248	0.0
1900	0.7317	1.0103	0.3927
1901	0.7317	1.4248	0.0
1902	0.7317	1.0103	0.3927
1903	0.7317	1.4248	0.0
1904	0.7317	1.4248	0.0
1905	0.7317	1.0103	0.3927
1906	0.7317	1.2705	0.1461
1907	0.7317	0.9492	0.4506
1908	0.7317	1.0103	0.3927
1909	0.7317	0.9492	0.4506
1910	0.7317	1.0103	0.3927
1911	0.7317	1.4248	0.0
1912	0.7317	1.4248	0.0
1913	0.7317	1.4248	0.0
1914	0.7317	0.9492	0.4506
1915	0.7317	1.0103	0.3927
1916	0.7317	0.9492	0.4506
1917	0.7317	1.0103	0.3927
1918	0.7317	0.9492	0.4506
1919	0.7317	1.2705	0.1461
1920	0.7317	1.4248	0.0
1921	0.7317	1.4248	0.0
1922	0.7317	1.0103	0.3927
1923	0.7317	1.4248	0.0
1924	0.7317	0.8611	0.534
1925	0.7317	0.7799	0.6109
1926	0.7073	1.0379	0.3326
1927	0.0244	0.0475	0.0
1928	0.0244	0.0475	0.0
1929	0.0244	0.0475	0.0
1930	0.7317	0.4934	0.8823
1931	0.7317	0.8611	0.534
1932	0.7317	0.8966	0.5004
1933	0.7317	0.8639	0.5313
1934	0.5366	0.6778	0.4741
1935	0.5366	0.9017	0.1849
1936	0.5122	0.5037	0.668
1937	0.5122	0.6376	0.4869
1938	0.5122	0.6271	0.501
1939	0.5122	0.3823	0.8324
1940	0.5122	0.4002	0.8081
1941	0.5122	0.6376	0.4869
1942	0.5122	0.5553	0.5983
1943	0.1463	0.1506	0.6365
1944	0.4878	0.5977	0.5004
1945	0.4878	0.9499	0.0
1946	0.4878	0.9499	0.0
1947	0.4878	0.4942	0.6474
1948	0.4878	0.52	0.6109
1949	0.5122	0.1776	1.1093
1950	0.439	0.5852	0.4258
1951	0.439	0.5023	0.5566
1952	0.439	0.719	0.2146
1953	0.439	0.5852	0.4258
1954	0.439	0.4806	0.5908
1955	0.439	0.4316	0.6682
1956	0.439	0.3306	0.8277
1957	0.439	0.4402	0.6547
1958	0.439	0.5023	0.5566
1959	0.439	0.719	0.2146
1960	0.439	0.719	0.2146
1961	0.439	0.8549	0.0
1962	0.4146	0.5419	0.4438
1963	0.3902	0.3641	0.7029
1964	0.3902	0.6283	0.2338
1965	0.3902	0.3741	0.6853
1966	0.3902	0.7599	0.0
1967	0.3902	0.6283	0.2338
1968	0.3902	0.6283	0.2338
1969	0.3902	0.7599	0.0
1970	0.3902	0.7599	0.0
1971	0.3902	0.7599	0.0
1972	0.3902	0.7599	0.0
1973	0.3902	0.4102	0.6211
1974	0.3902	0.7599	0.0
1975	0.3902	0.6283	0.2338
1976	0.4146	0.481	0.5456
1977	0.4146	0.5419	0.4438
1978	0.4146	0.5419	0.4438
1979	0.4146	0.6736	0.2237
1980	0.4146	0.6736	0.2237
1981	0.4146	0.8074	0.0
1982	0.4146	0.5907	0.3622
1983	0.3902	0.6283	0.2338
1984	0.3902	0.499	0.4634
1985	0.3902	0.6283	0.2338
1986	0.3902	0.7599	0.0
1987	0.3902	0.7599	0.0
1988	0.3902	0.6283	0.2338
1989	0.3902	0.7599	0.0
1990	0.3902	0.7599	0.0
1991	0.3659	0.5051	0.3927
1992	0.3902	0.7599	0.0
1993	0.3902	0.7599	0.0
1994	0.3902	0.7599	0.0
1995	0.3902	0.6283	0.2338
1996	0.3902	0.5478	0.3768
1997	0.3902	0.7599	0.0
1998	0.3902	0.421	0.6019
1999	0.3902	0.6283	0.2338
2000	0.3902	0.499	0.4634
2001	0.3902	0.6283	0.2338
2002	0.3902	0.5478	0.3768
2003	0.2927	0.4488	0.2868
2004	0.2927	0.3797	0.4506
2005	0.2927	0.2653	0.7215
2006	0.2683	0.3389	0.4741
2007	0.2683	0.3389	0.4741
2008	0.2683	0.4045	0.3046
2009	0.2683	0.2901	0.6002
2010	0.2683	0.4045	0.3046
2011	0.2439	0.3605	0.3251
2012	0.2195	0.317	0.3488
2013	0.1951	0.3799	0.0
2014	0.1951	0.3799	0.0
2015	0.1951	0.3799	0.0
2016	0.1951	0.3799	0.0
2017	0.1951	0.3799	0.0
2018	0.1951	0.3799	0.0
2019	0.1951	0.3799	0.0
2020	0.1951	0.3799	0.0
2021	0.1951	0.3799	0.0
2022	0.1951	0.3799	0.0
2023	0.1951	0.3799	0.0
2024	0.1951	0.3799	0.0
2025	0.0732	0.1425	0.0
2026	0.0732	0.1425	0.0
2027	0.0732	0.1425	0.0
2028	0.0488	0.095	0.0
2029	0.0488	0.095	0.0
2030	0.0488	0.095	0.0
2031	0.0488	0.095	0.0
2032	0.0488	0.095	0.0
2033	0.0488	0.095	0.0
2034	0.0488	0.095	0.0
2035	0.0488	0.095	0.0
2036	0.0488	0.0462	0.6931
2037	0.0488	0.095	0.0
2038	0.0488	0.095	0.0
2039	0.0488	0.095	0.0
2040	0.0488	0.095	0.0
2041	0.0488	0.095	0.0
2042	0.0488	0.095	0.0
2043	0.0488	0.095	0.0
2044	0.0488	0.095	0.0
2045	0.0488	0.095	0.0
2046	0.0488	0.0462	0.6931
